arcId,avgSpeed_kmh,count
arc1,60.00000000000001,2
arc2,60.00000000000001,2
