routeId,avgSpeed,count
5,17.895654759347263,1
8,28.279184005984458,1
