routeId,avgSpeed,count
5,20.613005844911562,2
8,28.279184005984458,1
